scenario,heuristic,expanded_nodes,fringe_size,depth,path
s1,h1,2,5,2,left->up
s1,h2,2,5,2,left->up
s1,h3,2,5,2,left->up
s1,h4,2,5,2,left->up
s2,h1,2,3,2,left->left
s2,h2,2,3,2,left->left
s2,h3,2,3,2,left->left
s2,h4,2,3,2,left->left
s3,h1,6,7,6,right->down->left->left->up->up
s3,h2,6,7,6,right->down->left->left->up->up
s3,h3,6,7,6,right->down->left->left->up->up
s3,h4,6,7,6,right->down->left->left->up->up
s4,h1,7,7,6,up->up->left->down->left->up
s4,h2,6,7,6,up->up->left->down->left->up
s4,h3,6,7,6,up->up->left->down->left->up
s4,h4,6,7,6,up->up->left->down->left->up
s5,h1,13,13,6,left->down->right->up->up->left
s5,h2,8,10,6,left->down->right->up->up->left
s5,h3,8,10,6,left->down->right->up->up->left
s5,h4,8,10,6,left->down->right->up->up->left
s6,h1,2,3,2,up->up
s6,h2,2,3,2,up->up
s6,h3,2,3,2,up->up
s6,h4,2,3,2,up->up
s7,h1,0,1,0,
s7,h2,0,1,0,
s7,h3,0,1,0,
s7,h4,0,1,0,
s8,h1,0,1,0,
s8,h2,0,1,0,
s8,h3,0,1,0,
s8,h4,0,1,0,
s9,h1,20,17,8,up->up->left->down->right->up->left->left
s9,h2,15,12,8,up->up->left->down->right->up->left->left
s9,h3,15,12,8,up->up->left->down->right->up->left->left
s9,h4,15,12,8,up->up->left->down->right->up->left->left
s10,h1,4,4,4,up->up->left->left
s10,h2,4,4,4,up->up->left->left
s10,h3,4,4,4,up->up->left->left
s10,h4,4,4,4,up->up->left->left
s11,h1,4,6,4,down->left->up->up
s11,h2,4,6,4,down->left->up->up
s11,h3,4,6,4,down->left->up->up
s11,h4,4,6,4,down->left->up->up
s12,h1,12,12,6,down->left->up->right->up->left
s12,h2,8,10,6,down->left->up->right->up->left
s12,h3,8,10,6,down->left->up->right->up->left
s12,h4,8,10,6,down->left->up->right->up->left
s13,h1,12,12,6,up->right->down->left->up->left
s13,h2,7,9,6,up->right->down->left->up->left
s13,h3,7,9,6,up->right->down->left->up->left
s13,h4,7,9,6,up->right->down->left->up->left
s14,h1,2,3,2,left->left
s14,h2,2,3,2,left->left
s14,h3,2,3,2,left->left
s14,h4,2,3,2,left->left
s15,h1,6,7,6,down->right->up->up->left->left
s15,h2,6,7,6,down->right->up->up->left->left
s15,h3,6,7,6,down->right->up->up->left->left
s15,h4,6,7,6,down->right->up->up->left->left
s16,h1,2,3,2,left->left
s16,h2,2,3,2,left->left
s16,h3,2,3,2,left->left
s16,h4,2,3,2,left->left
s17,h1,4,6,4,down->left->up->up
s17,h2,4,6,4,down->left->up->up
s17,h3,4,6,4,down->left->up->up
s17,h4,4,6,4,down->left->up->up
s18,h1,9,11,6,right->down->left->up->up->left
s18,h2,8,10,6,right->down->left->up->up->left
s18,h3,8,10,6,right->down->left->up->up->left
s18,h4,8,10,6,right->down->left->up->up->left
s19,h1,2,5,2,left->up
s19,h2,2,5,2,left->up
s19,h3,2,5,2,left->up
s19,h4,2,5,2,left->up
s20,h1,4,6,4,left->up->up->left
s20,h2,4,6,4,left->up->up->left
s20,h3,4,6,4,left->up->up->left
s20,h4,4,6,4,left->up->up->left
s21,h1,2,5,2,up->left
s21,h2,2,5,2,up->left
s21,h3,2,5,2,up->left
s21,h4,2,5,2,up->left
s22,h1,6,7,6,right->down->left->left->up->up
s22,h2,6,7,6,right->down->left->left->up->up
s22,h3,6,7,6,right->down->left->left->up->up
s22,h4,6,7,6,right->down->left->left->up->up
s23,h1,4,6,4,down->left->up->up
s23,h2,4,6,4,down->left->up->up
s23,h3,4,6,4,down->left->up->up
s23,h4,4,6,4,down->left->up->up
s24,h1,4,6,4,right->up->left->left
s24,h2,4,6,4,right->up->left->left
s24,h3,4,6,4,right->up->left->left
s24,h4,4,6,4,right->up->left->left
s25,h1,7,7,6,left->down->down->left->up->up
s25,h2,6,7,6,left->down->down->left->up->up
s25,h3,6,7,6,left->down->down->left->up->up
s25,h4,6,7,6,left->down->down->left->up->up
s26,h1,2,5,2,up->left
s26,h2,2,5,2,up->left
s26,h3,2,5,2,up->left
s26,h4,2,5,2,up->left
s27,h1,4,6,4,down->left->up->up
s27,h2,4,6,4,down->left->up->up
s27,h3,4,6,4,down->left->up->up
s27,h4,4,6,4,down->left->up->up
s28,h1,4,6,4,down->left->left->up
s28,h2,4,6,4,down->left->left->up
s28,h3,4,6,4,down->left->left->up
s28,h4,4,6,4,down->left->left->up
s29,h1,6,7,6,down->down->left->up->up->left
s29,h2,6,7,6,down->down->left->up->up->left
s29,h3,6,7,6,down->down->left->up->up->left
s29,h4,6,7,6,down->down->left->up->up->left
s30,h1,4,6,4,down->left->left->up
s30,h2,4,6,4,down->left->left->up
s30,h3,4,6,4,down->left->left->up
s30,h4,4,6,4,down->left->left->up
s31,h1,5,6,4,left->down->left->up
s31,h2,4,6,4,left->down->left->up
s31,h3,4,6,4,left->down->left->up
s31,h4,4,6,4,left->down->left->up
s32,h1,4,4,4,left->left->up->up
s32,h2,4,4,4,left->left->up->up
s32,h3,4,4,4,left->left->up->up
s32,h4,4,4,4,left->left->up->up
s33,h1,2,5,2,up->left
s33,h2,2,5,2,up->left
s33,h3,2,5,2,up->left
s33,h4,2,5,2,up->left
s34,h1,2,3,2,left->left
s34,h2,2,3,2,left->left
s34,h3,2,3,2,left->left
s34,h4,2,3,2,left->left
s35,h1,7,8,6,down->right->right->up->left->left
s35,h2,6,7,6,down->right->right->up->left->left
s35,h3,6,7,6,down->right->right->up->left->left
s35,h4,6,7,6,down->right->right->up->left->left
s36,h1,4,6,4,right->up->left->up
s36,h2,4,6,4,right->up->left->up
s36,h3,4,6,4,right->up->left->up
s36,h4,4,6,4,right->up->left->up
s37,h1,4,6,4,right->up->left->up
s37,h2,4,6,4,right->up->left->up
s37,h3,4,6,4,right->up->left->up
s37,h4,4,6,4,right->up->left->up
s38,h1,5,6,4,up->right->up->left
s38,h2,4,6,4,up->right->up->left
s38,h3,4,6,4,up->right->up->left
s38,h4,4,6,4,up->right->up->left
s39,h1,7,7,6,up->right->right->up->left->left
s39,h2,6,7,6,up->right->right->up->left->left
s39,h3,6,7,6,up->right->right->up->left->left
s39,h4,6,7,6,up->right->right->up->left->left
s40,h1,5,7,4,right->down->left->up
s40,h2,4,6,4,right->down->left->up
s40,h3,4,6,4,right->down->left->up
s40,h4,4,6,4,right->down->left->up
s41,h1,7,8,6,down->right->right->up->left->left
s41,h2,6,7,6,down->right->right->up->left->left
s41,h3,6,7,6,down->right->right->up->left->left
s41,h4,6,7,6,down->right->right->up->left->left
s42,h1,6,7,6,up->left->down->left->up->up
s42,h2,6,7,6,up->left->down->left->up->up
s42,h3,6,7,6,up->left->down->left->up->up
s42,h4,6,7,6,up->left->down->left->up->up
s43,h1,2,3,2,left->left
s43,h2,2,3,2,left->left
s43,h3,2,3,2,left->left
s43,h4,2,3,2,left->left
s44,h1,0,1,0,
s44,h2,0,1,0,
s44,h3,0,1,0,
s44,h4,0,1,0,
s45,h1,11,11,6,right->down->right->up->left->left
s45,h2,7,8,6,right->down->right->up->left->left
s45,h3,7,8,6,right->down->right->up->left->left
s45,h4,7,8,6,right->down->right->up->left->left
s46,h1,0,1,0,
s46,h2,0,1,0,
s46,h3,0,1,0,
s46,h4,0,1,0,
s47,h1,4,6,4,down->left->up->up
s47,h2,4,6,4,down->left->up->up
s47,h3,4,6,4,down->left->up->up
s47,h4,4,6,4,down->left->up->up
s48,h1,18,15,8,down->left->up->right->right->up->left->left
s48,h2,12,12,8,down->left->up->right->right->up->left->left
s48,h3,12,12,8,down->left->up->right->right->up->left->left
s48,h4,12,12,8,down->left->up->right->right->up->left->left
s49,h1,2,5,2,up->left
s49,h2,2,5,2,up->left
s49,h3,2,5,2,up->left
s49,h4,2,5,2,up->left
s50,h1,2,3,2,up->up
s50,h2,2,3,2,up->up
s50,h3,2,3,2,up->up
s50,h4,2,3,2,up->up
s51,h1,7,7,6,left->left->up->right->up->left
s51,h2,6,7,6,left->left->up->right->up->left
s51,h3,6,7,6,left->left->up->right->up->left
s51,h4,6,7,6,left->left->up->right->up->left
s52,h1,5,7,4,right->down->left->up
s52,h2,4,6,4,right->down->left->up
s52,h3,4,6,4,right->down->left->up
s52,h4,4,6,4,right->down->left->up
s53,h1,47,34,10,down->right->up->up->left->down->right->up->left->left
s53,h2,21,17,10,down->right->up->up->left->down->right->up->left->left
s53,h3,20,16,10,down->right->up->up->left->down->right->up->left->left
s53,h4,24,20,10,down->right->up->up->left->down->right->up->left->left
s54,h1,4,6,4,down->left->up->up
s54,h2,4,6,4,down->left->up->up
s54,h3,4,6,4,down->left->up->up
s54,h4,4,6,4,down->left->up->up
s55,h1,40,30,10,left->up->left->down->right->right->up->up->left->left
s55,h2,23,20,10,left->up->left->down->right->right->up->up->left->left
s55,h3,23,20,10,left->up->left->down->right->right->up->up->left->left
s55,h4,23,20,10,left->up->left->down->right->right->up->up->left->left
s56,h1,0,1,0,
s56,h2,0,1,0,
s56,h3,0,1,0,
s56,h4,0,1,0,
s57,h1,4,6,4,left->up->up->left
s57,h2,4,6,4,left->up->up->left
s57,h3,4,6,4,left->up->up->left
s57,h4,4,6,4,left->up->up->left
s58,h1,4,4,4,left->left->up->up
s58,h2,4,4,4,left->left->up->up
s58,h3,4,4,4,left->left->up->up
s58,h4,4,4,4,left->left->up->up
s59,h1,12,12,6,right->up->left->down->left->up
s59,h2,8,10,6,right->up->left->down->left->up
s59,h3,8,10,6,right->up->left->down->left->up
s59,h4,8,10,6,right->up->left->down->left->up
s60,h1,4,6,4,right->up->up->left
s60,h2,4,6,4,right->up->up->left
s60,h3,4,6,4,right->up->up->left
s60,h4,4,6,4,right->up->up->left
s61,h1,4,6,4,right->up->left->left
s61,h2,4,6,4,right->up->left->left
s61,h3,4,6,4,right->up->left->left
s61,h4,4,6,4,right->up->left->left
s62,h1,4,6,4,left->up->left->up
s62,h2,4,6,4,left->up->left->up
s62,h3,4,6,4,left->up->left->up
s62,h4,4,6,4,left->up->left->up
s63,h1,15,16,8,up->right->right->down->left->up->left->up
s63,h2,11,12,8,up->right->right->down->left->up->left->up
s63,h3,11,12,8,up->right->right->down->left->up->left->up
s63,h4,11,12,8,up->right->right->down->left->up->left->up
s64,h1,4,6,4,right->up->left->up
s64,h2,4,6,4,right->up->left->up
s64,h3,4,6,4,right->up->left->up
s64,h4,4,6,4,right->up->left->up
s65,h1,2,5,2,up->left
s65,h2,2,5,2,up->left
s65,h3,2,5,2,up->left
s65,h4,2,5,2,up->left
s66,h1,40,33,10,left->down->left->down->right->up->right->up->left->left
s66,h2,16,14,10,left->down->left->down->right->up->right->up->left->left
s66,h3,15,13,10,left->down->left->down->right->up->right->up->left->left
s66,h4,15,13,10,left->down->left->down->right->up->right->up->left->left
s67,h1,18,15,8,down->left->up->right->right->up->left->left
s67,h2,12,12,8,down->left->up->right->right->up->left->left
s67,h3,12,12,8,down->left->up->right->right->up->left->left
s67,h4,12,12,8,down->left->up->right->right->up->left->left
s68,h1,4,4,4,up->up->left->left
s68,h2,4,4,4,up->up->left->left
s68,h3,4,4,4,up->up->left->left
s68,h4,4,4,4,up->up->left->left
s69,h1,0,1,0,
s69,h2,0,1,0,
s69,h3,0,1,0,
s69,h4,0,1,0,
s70,h1,9,11,6,down->right->up->left->left->up
s70,h2,8,10,6,down->right->up->left->left->up
s70,h3,8,10,6,down->right->up->left->left->up
s70,h4,8,10,6,down->right->up->left->left->up
s71,h1,2,3,2,left->left
s71,h2,2,3,2,left->left
s71,h3,2,3,2,left->left
s71,h4,2,3,2,left->left
s72,h1,2,3,2,up->up
s72,h2,2,3,2,up->up
s72,h3,2,3,2,up->up
s72,h4,2,3,2,up->up
s73,h1,4,6,4,down->left->up->up
s73,h2,4,6,4,down->left->up->up
s73,h3,4,6,4,down->left->up->up
s73,h4,4,6,4,down->left->up->up
s74,h1,4,6,4,down->left->up->up
s74,h2,4,6,4,down->left->up->up
s74,h3,4,6,4,down->left->up->up
s74,h4,4,6,4,down->left->up->up
s75,h1,2,5,2,up->left
s75,h2,2,5,2,up->left
s75,h3,2,5,2,up->left
s75,h4,2,5,2,up->left
s76,h1,11,11,6,down->right->down->left->up->up
s76,h2,7,8,6,down->right->down->left->up->up
s76,h3,7,8,6,down->right->down->left->up->up
s76,h4,7,8,6,down->right->down->left->up->up
s77,h1,26,23,8,right->down->down->left->up->right->up->left
s77,h2,15,15,8,right->down->down->left->up->right->up->left
s77,h3,15,15,8,right->down->down->left->up->right->up->left
s77,h4,15,15,8,right->down->down->left->up->right->up->left
s78,h1,11,11,6,down->right->down->left->up->up
s78,h2,7,8,6,down->right->down->left->up->up
s78,h3,7,8,6,down->right->down->left->up->up
s78,h4,7,8,6,down->right->down->left->up->up
s79,h1,6,7,6,right->down->left->left->up->up
s79,h2,6,7,6,right->down->left->left->up->up
s79,h3,6,7,6,right->down->left->left->up->up
s79,h4,6,7,6,right->down->left->left->up->up
s80,h1,2,3,2,up->up
s80,h2,2,3,2,up->up
s80,h3,2,3,2,up->up
s80,h4,2,3,2,up->up
s81,h1,17,16,8,left->left->up->up->right->down->left->up
s81,h2,8,8,8,left->left->up->up->right->down->left->up
s81,h3,8,8,8,left->left->up->up->right->down->left->up
s81,h4,8,8,8,left->left->up->up->right->down->left->up
s82,h1,4,6,4,down->left->left->up
s82,h2,4,6,4,down->left->left->up
s82,h3,4,6,4,down->left->left->up
s82,h4,4,6,4,down->left->left->up
s83,h1,2,5,2,up->left
s83,h2,2,5,2,up->left
s83,h3,2,5,2,up->left
s83,h4,2,5,2,up->left
s84,h1,19,16,8,left->down->right->up->right->up->left->left
s84,h2,12,12,8,left->down->right->up->right->up->left->left
s84,h3,12,12,8,left->down->right->up->right->up->left->left
s84,h4,12,12,8,left->down->right->up->right->up->left->left
s85,h1,23,19,8,down->left->down->right->up->up->left->left
s85,h2,14,13,8,down->left->down->right->up->up->left->left
s85,h3,14,13,8,down->left->down->right->up->up->left->left
s85,h4,14,13,8,down->left->down->right->up->up->left->left
s86,h1,2,5,2,up->left
s86,h2,2,5,2,up->left
s86,h3,2,5,2,up->left
s86,h4,2,5,2,up->left
s87,h1,4,4,4,left->left->up->up
s87,h2,4,4,4,left->left->up->up
s87,h3,4,4,4,left->left->up->up
s87,h4,4,4,4,left->left->up->up
s88,h1,4,4,4,left->left->up->up
s88,h2,4,4,4,left->left->up->up
s88,h3,4,4,4,left->left->up->up
s88,h4,4,4,4,left->left->up->up
s89,h1,4,6,4,right->up->left->left
s89,h2,4,6,4,right->up->left->left
s89,h3,4,6,4,right->up->left->left
s89,h4,4,6,4,right->up->left->left
s90,h1,0,1,0,
s90,h2,0,1,0,
s90,h3,0,1,0,
s90,h4,0,1,0,
s91,h1,4,4,4,up->up->left->left
s91,h2,4,4,4,up->up->left->left
s91,h3,4,4,4,up->up->left->left
s91,h4,4,4,4,up->up->left->left
s92,h1,2,5,2,up->left
s92,h2,2,5,2,up->left
s92,h3,2,5,2,up->left
s92,h4,2,5,2,up->left
s93,h1,4,6,4,down->left->up->left
s93,h2,4,6,4,down->left->up->left
s93,h3,4,6,4,down->left->up->left
s93,h4,4,6,4,down->left->up->left
s94,h1,2,5,2,left->up
s94,h2,2,5,2,left->up
s94,h3,2,5,2,left->up
s94,h4,2,5,2,left->up
s95,h1,2,5,2,left->up
s95,h2,2,5,2,left->up
s95,h3,2,5,2,left->up
s95,h4,2,5,2,left->up
s96,h1,5,6,4,left->down->left->up
s96,h2,4,6,4,left->down->left->up
s96,h3,4,6,4,left->down->left->up
s96,h4,4,6,4,left->down->left->up
s97,h1,4,6,4,right->up->left->left
s97,h2,4,6,4,right->up->left->left
s97,h3,4,6,4,right->up->left->left
s97,h4,4,6,4,right->up->left->left
s98,h1,4,6,4,left->up->up->left
s98,h2,4,6,4,left->up->up->left
s98,h3,4,6,4,left->up->up->left
s98,h4,4,6,4,left->up->up->left
s99,h1,4,6,4,right->up->left->left
s99,h2,4,6,4,right->up->left->left
s99,h3,4,6,4,right->up->left->left
s99,h4,4,6,4,right->up->left->left
s100,h1,2,3,2,up->up
s100,h2,2,3,2,up->up
s100,h3,2,3,2,up->up
s100,h4,2,3,2,up->up
s101,h1,12,12,6,left->down->right->up->left->up
s101,h2,7,9,6,left->down->right->up->left->up
s101,h3,7,9,6,left->down->right->up->left->up
s101,h4,7,9,6,left->down->right->up->left->up
s102,h1,4,6,4,right->up->left->left
s102,h2,4,6,4,right->up->left->left
s102,h3,4,6,4,right->up->left->left
s102,h4,4,6,4,right->up->left->left
s103,h1,4,6,4,up->left->left->up
s103,h2,4,6,4,up->left->left->up
s103,h3,4,6,4,up->left->left->up
s103,h4,4,6,4,up->left->left->up
s104,h1,2,5,2,up->left
s104,h2,2,5,2,up->left
s104,h3,2,5,2,up->left
s104,h4,2,5,2,up->left
s105,h1,2,3,2,left->left
s105,h2,2,3,2,left->left
s105,h3,2,3,2,left->left
s105,h4,2,3,2,left->left
s106,h1,2,5,2,left->up
s106,h2,2,5,2,left->up
s106,h3,2,5,2,left->up
s106,h4,2,5,2,left->up
s107,h1,6,5,6,right->right->up->up->left->left
s107,h2,6,5,6,right->right->up->up->left->left
s107,h3,6,5,6,right->right->up->up->left->left
s107,h4,6,5,6,right->right->up->up->left->left
s108,h1,2,5,2,left->up
s108,h2,2,5,2,left->up
s108,h3,2,5,2,left->up
s108,h4,2,5,2,left->up
s109,h1,4,6,4,right->up->left->left
s109,h2,4,6,4,right->up->left->left
s109,h3,4,6,4,right->up->left->left
s109,h4,4,6,4,right->up->left->left
s110,h1,13,13,6,left->down->right->up->up->left
s110,h2,8,10,6,left->down->right->up->up->left
s110,h3,8,10,6,left->down->right->up->up->left
s110,h4,8,10,6,left->down->right->up->up->left
s111,h1,7,7,6,left->down->down->left->up->up
s111,h2,6,7,6,left->down->down->left->up->up
s111,h3,6,7,6,left->down->down->left->up->up
s111,h4,6,7,6,left->down->down->left->up->up
s112,h1,4,6,4,up->left->left->up
s112,h2,4,6,4,up->left->left->up
s112,h3,4,6,4,up->left->left->up
s112,h4,4,6,4,up->left->left->up
s113,h1,2,3,2,left->left
s113,h2,2,3,2,left->left
s113,h3,2,3,2,left->left
s113,h4,2,3,2,left->left
s114,h1,12,12,6,down->left->up->right->up->left
s114,h2,8,10,6,down->left->up->right->up->left
s114,h3,8,10,6,down->left->up->right->up->left
s114,h4,8,10,6,down->left->up->right->up->left
s115,h1,4,6,4,down->left->up->up
s115,h2,4,6,4,down->left->up->up
s115,h3,4,6,4,down->left->up->up
s115,h4,4,6,4,down->left->up->up
s116,h1,10,11,6,up->up->right->down->left->up
s116,h2,6,7,6,up->up->right->down->left->up
s116,h3,6,7,6,up->up->right->down->left->up
s116,h4,6,7,6,up->up->right->down->left->up
s117,h1,9,8,8,left->down->right->down->left->left->up->up
s117,h2,8,8,8,left->down->right->down->left->left->up->up
s117,h3,8,8,8,left->down->right->down->left->left->up->up
s117,h4,8,8,8,left->down->right->down->left->left->up->up
s118,h1,4,6,4,down->left->up->up
s118,h2,4,6,4,down->left->up->up
s118,h3,4,6,4,down->left->up->up
s118,h4,4,6,4,down->left->up->up
s119,h1,0,1,0,
s119,h2,0,1,0,
s119,h3,0,1,0,
s119,h4,0,1,0,
s120,h1,5,7,4,down->right->up->left
s120,h2,4,6,4,down->right->up->left
s120,h3,4,6,4,down->right->up->left
s120,h4,4,6,4,down->right->up->left
s121,h1,4,6,4,right->up->left->up
s121,h2,4,6,4,right->up->left->up
s121,h3,4,6,4,right->up->left->up
s121,h4,4,6,4,right->up->left->up
s122,h1,4,4,4,up->up->left->left
s122,h2,4,4,4,up->up->left->left
s122,h3,4,4,4,up->up->left->left
s122,h4,4,4,4,up->up->left->left
s123,h1,2,5,2,left->up
s123,h2,2,5,2,left->up
s123,h3,2,5,2,left->up
s123,h4,2,5,2,left->up
s124,h1,7,8,6,right->right->down->left->left->up
s124,h2,6,7,6,right->right->down->left->left->up
s124,h3,6,7,6,right->right->down->left->left->up
s124,h4,6,7,6,right->right->down->left->left->up
s125,h1,2,3,2,up->up
s125,h2,2,3,2,up->up
s125,h3,2,3,2,up->up
s125,h4,2,3,2,up->up
s126,h1,4,4,4,up->up->left->left
s126,h2,4,4,4,up->up->left->left
s126,h3,4,4,4,up->up->left->left
s126,h4,4,4,4,up->up->left->left
s127,h1,4,6,4,up->left->left->up
s127,h2,4,6,4,up->left->left->up
s127,h3,4,6,4,up->left->left->up
s127,h4,4,6,4,up->left->left->up
s128,h1,9,9,8,right->right->down->down->left->up->left->up
s128,h2,8,8,8,right->right->down->down->left->up->left->up
s128,h3,8,8,8,right->right->down->down->left->up->left->up
s128,h4,8,8,8,right->right->down->down->left->up->left->up
s129,h1,6,7,6,down->down->left->up->left->up
s129,h2,6,7,6,down->down->left->up->left->up
s129,h3,6,7,6,down->down->left->up->left->up
s129,h4,6,7,6,down->down->left->up->left->up
s130,h1,4,6,4,right->up->left->up
s130,h2,4,6,4,right->up->left->up
s130,h3,4,6,4,right->up->left->up
s130,h4,4,6,4,right->up->left->up
s131,h1,2,5,2,left->up
s131,h2,2,5,2,left->up
s131,h3,2,5,2,left->up
s131,h4,2,5,2,left->up
s132,h1,2,3,2,left->left
s132,h2,2,3,2,left->left
s132,h3,2,3,2,left->left
s132,h4,2,3,2,left->left
s133,h1,4,6,4,up->left->up->left
s133,h2,4,6,4,up->left->up->left
s133,h3,4,6,4,up->left->up->left
s133,h4,4,6,4,up->left->up->left
s134,h1,2,3,2,up->up
s134,h2,2,3,2,up->up
s134,h3,2,3,2,up->up
s134,h4,2,3,2,up->up
s135,h1,2,5,2,up->left
s135,h2,2,5,2,up->left
s135,h3,2,5,2,up->left
s135,h4,2,5,2,up->left
s136,h1,6,7,6,down->down->left->up->left->up
s136,h2,6,7,6,down->down->left->up->left->up
s136,h3,6,7,6,down->down->left->up->left->up
s136,h4,6,7,6,down->down->left->up->left->up
s137,h1,4,6,4,down->left->up->left
s137,h2,4,6,4,down->left->up->left
s137,h3,4,6,4,down->left->up->left
s137,h4,4,6,4,down->left->up->left
s138,h1,7,8,6,down->down->right->up->up->left
s138,h2,6,7,6,down->down->right->up->up->left
s138,h3,6,7,6,down->down->right->up->up->left
s138,h4,6,7,6,down->down->right->up->up->left
s139,h1,4,6,4,left->up->left->up
s139,h2,4,6,4,left->up->left->up
s139,h3,4,6,4,left->up->left->up
s139,h4,4,6,4,left->up->left->up
s140,h1,2,3,2,up->up
s140,h2,2,3,2,up->up
s140,h3,2,3,2,up->up
s140,h4,2,3,2,up->up
s141,h1,2,3,2,left->left
s141,h2,2,3,2,left->left
s141,h3,2,3,2,left->left
s141,h4,2,3,2,left->left
s142,h1,2,5,2,up->left
s142,h2,2,5,2,up->left
s142,h3,2,5,2,up->left
s142,h4,2,5,2,up->left
s143,h1,6,7,6,down->down->left->up->left->up
s143,h2,6,7,6,down->down->left->up->left->up
s143,h3,6,7,6,down->down->left->up->left->up
s143,h4,6,7,6,down->down->left->up->left->up
s144,h1,0,1,0,
s144,h2,0,1,0,
s144,h3,0,1,0,
s144,h4,0,1,0,
s145,h1,6,7,6,right->down->left->left->up->up
s145,h2,6,7,6,right->down->left->left->up->up
s145,h3,6,7,6,right->down->left->left->up->up
s145,h4,6,7,6,right->down->left->left->up->up
s146,h1,2,5,2,left->up
s146,h2,2,5,2,left->up
s146,h3,2,5,2,left->up
s146,h4,2,5,2,left->up
s147,h1,9,8,8,down->down->left->left->up->right->up->left
s147,h2,8,8,8,down->down->left->left->up->right->up->left
s147,h3,8,8,8,down->down->left->left->up->right->up->left
s147,h4,8,8,8,down->down->left->left->up->right->up->left
s148,h1,4,6,4,left->up->up->left
s148,h2,4,6,4,left->up->up->left
s148,h3,4,6,4,left->up->up->left
s148,h4,4,6,4,left->up->up->left
s149,h1,0,1,0,
s149,h2,0,1,0,
s149,h3,0,1,0,
s149,h4,0,1,0,
s150,h1,5,7,4,down->right->up->left
s150,h2,4,6,4,down->right->up->left
s150,h3,4,6,4,down->right->up->left
s150,h4,4,6,4,down->right->up->left
s151,h1,0,1,0,
s151,h2,0,1,0,
s151,h3,0,1,0,
s151,h4,0,1,0,
s152,h1,4,6,4,down->left->up->left
s152,h2,4,6,4,down->left->up->left
s152,h3,4,6,4,down->left->up->left
s152,h4,4,6,4,down->left->up->left
s153,h1,6,7,6,right->right->up->left->up->left
s153,h2,6,7,6,right->right->up->left->up->left
s153,h3,6,7,6,right->right->up->left->up->left
s153,h4,6,7,6,right->right->up->left->up->left
s154,h1,5,7,4,down->right->up->left
s154,h2,4,6,4,down->right->up->left
s154,h3,4,6,4,down->right->up->left
s154,h4,4,6,4,down->right->up->left
s155,h1,4,6,4,right->up->left->left
s155,h2,4,6,4,right->up->left->left
s155,h3,4,6,4,right->up->left->left
s155,h4,4,6,4,right->up->left->left
s156,h1,7,8,6,down->down->right->up->up->left
s156,h2,6,7,6,down->down->right->up->up->left
s156,h3,6,7,6,down->down->right->up->up->left
s156,h4,6,7,6,down->down->right->up->up->left
s157,h1,6,7,6,down->right->up->up->left->left
s157,h2,6,7,6,down->right->up->up->left->left
s157,h3,6,7,6,down->right->up->up->left->left
s157,h4,6,7,6,down->right->up->up->left->left
s158,h1,10,11,6,left->left->down->right->up->left
s158,h2,6,7,6,left->left->down->right->up->left
s158,h3,6,7,6,left->left->down->right->up->left
s158,h4,6,7,6,left->left->down->right->up->left
s159,h1,11,11,6,right->down->right->up->left->left
s159,h2,7,8,6,right->down->right->up->left->left
s159,h3,7,8,6,right->down->right->up->left->left
s159,h4,7,8,6,right->down->right->up->left->left
s160,h1,4,6,4,right->up->up->left
s160,h2,4,6,4,right->up->up->left
s160,h3,4,6,4,right->up->up->left
s160,h4,4,6,4,right->up->up->left
s161,h1,2,5,2,up->left
s161,h2,2,5,2,up->left
s161,h3,2,5,2,up->left
s161,h4,2,5,2,up->left
s162,h1,2,3,2,up->up
s162,h2,2,3,2,up->up
s162,h3,2,3,2,up->up
s162,h4,2,3,2,up->up
s163,h1,6,5,6,down->down->left->left->up->up
s163,h2,6,5,6,down->down->left->left->up->up
s163,h3,6,5,6,down->down->left->left->up->up
s163,h4,6,5,6,down->down->left->left->up->up
s164,h1,4,6,4,down->left->up->up
s164,h2,4,6,4,down->left->up->up
s164,h3,4,6,4,down->left->up->up
s164,h4,4,6,4,down->left->up->up
s165,h1,23,21,8,right->up->up->left->down->right->up->left
s165,h2,13,14,8,right->up->up->left->down->right->up->left
s165,h3,13,14,8,right->up->up->left->down->right->up->left
s165,h4,13,14,8,right->up->up->left->down->right->up->left
s166,h1,24,22,8,down->left->up->up->right->down->left->up
s166,h2,10,11,8,down->left->up->up->right->down->left->up
s166,h3,10,11,8,down->left->up->up->right->down->left->up
s166,h4,13,15,8,down->left->up->up->right->down->left->up
s167,h1,4,6,4,up->left->left->up
s167,h2,4,6,4,up->left->left->up
s167,h3,4,6,4,up->left->left->up
s167,h4,4,6,4,up->left->left->up
s168,h1,0,1,0,
s168,h2,0,1,0,
s168,h3,0,1,0,
s168,h4,0,1,0,
s169,h1,6,7,6,right->right->up->left->left->up
s169,h2,6,7,6,right->right->up->left->left->up
s169,h3,6,7,6,right->right->up->left->left->up
s169,h4,6,7,6,right->right->up->left->left->up
s170,h1,2,5,2,up->left
s170,h2,2,5,2,up->left
s170,h3,2,5,2,up->left
s170,h4,2,5,2,up->left
s171,h1,0,1,0,
s171,h2,0,1,0,
s171,h3,0,1,0,
s171,h4,0,1,0,
s172,h1,4,6,4,up->left->left->up
s172,h2,4,6,4,up->left->left->up
s172,h3,4,6,4,up->left->left->up
s172,h4,4,6,4,up->left->left->up
s173,h1,2,5,2,left->up
s173,h2,2,5,2,left->up
s173,h3,2,5,2,left->up
s173,h4,2,5,2,left->up
s174,h1,4,6,4,down->left->left->up
s174,h2,4,6,4,down->left->left->up
s174,h3,4,6,4,down->left->left->up
s174,h4,4,6,4,down->left->left->up
s175,h1,5,6,4,left->down->left->up
s175,h2,4,6,4,left->down->left->up
s175,h3,4,6,4,left->down->left->up
s175,h4,4,6,4,left->down->left->up
s176,h1,4,6,4,down->left->up->up
s176,h2,4,6,4,down->left->up->up
s176,h3,4,6,4,down->left->up->up
s176,h4,4,6,4,down->left->up->up
s177,h1,9,10,6,up->right->down->left->up->up
s177,h2,7,7,6,up->right->down->left->up->up
s177,h3,7,7,6,up->right->down->left->up->up
s177,h4,7,7,6,up->right->down->left->up->up
s178,h1,6,7,6,down->left->down->left->up->up
s178,h2,6,7,6,down->left->down->left->up->up
s178,h3,6,7,6,down->left->down->left->up->up
s178,h4,6,7,6,down->left->down->left->up->up
s179,h1,9,11,6,down->right->up->left->left->up
s179,h2,8,10,6,down->right->up->left->left->up
s179,h3,8,10,6,down->right->up->left->left->up
s179,h4,8,10,6,down->right->up->left->left->up
s180,h1,9,7,8,down->down->right->right->up->up->left->left
s180,h2,8,6,8,down->down->right->right->up->up->left->left
s180,h3,8,6,8,down->down->right->right->up->up->left->left
s180,h4,8,6,8,down->down->right->right->up->up->left->left
s181,h1,4,6,4,up->left->up->left
s181,h2,4,6,4,up->left->up->left
s181,h3,4,6,4,up->left->up->left
s181,h4,4,6,4,up->left->up->left
s182,h1,4,4,4,up->up->left->left
s182,h2,4,4,4,up->up->left->left
s182,h3,4,4,4,up->up->left->left
s182,h4,4,4,4,up->up->left->left
s183,h1,9,10,6,up->right->down->left->up->up
s183,h2,7,7,6,up->right->down->left->up->up
s183,h3,7,7,6,up->right->down->left->up->up
s183,h4,7,7,6,up->right->down->left->up->up
s184,h1,4,6,4,down->left->up->up
s184,h2,4,6,4,down->left->up->up
s184,h3,4,6,4,down->left->up->up
s184,h4,4,6,4,down->left->up->up
s185,h1,2,3,2,up->up
s185,h2,2,3,2,up->up
s185,h3,2,3,2,up->up
s185,h4,2,3,2,up->up
s186,h1,5,6,4,left->down->left->up
s186,h2,4,6,4,left->down->left->up
s186,h3,4,6,4,left->down->left->up
s186,h4,4,6,4,left->down->left->up
s187,h1,7,7,6,up->right->right->up->left->left
s187,h2,6,7,6,up->right->right->up->left->left
s187,h3,6,7,6,up->right->right->up->left->left
s187,h4,6,7,6,up->right->right->up->left->left
s188,h1,2,3,2,up->up
s188,h2,2,3,2,up->up
s188,h3,2,3,2,up->up
s188,h4,2,3,2,up->up
s189,h1,4,6,4,up->left->left->up
s189,h2,4,6,4,up->left->left->up
s189,h3,4,6,4,up->left->left->up
s189,h4,4,6,4,up->left->left->up
s190,h1,4,6,4,down->left->up->left
s190,h2,4,6,4,down->left->up->left
s190,h3,4,6,4,down->left->up->left
s190,h4,4,6,4,down->left->up->left
s191,h1,9,12,6,right->right->down->left->up->left
s191,h2,7,8,6,right->right->down->left->up->left
s191,h3,7,8,6,right->right->down->left->up->left
s191,h4,7,8,6,right->right->down->left->up->left
s192,h1,2,3,2,up->up
s192,h2,2,3,2,up->up
s192,h3,2,3,2,up->up
s192,h4,2,3,2,up->up
s193,h1,5,6,4,up->right->up->left
s193,h2,4,6,4,up->right->up->left
s193,h3,4,6,4,up->right->up->left
s193,h4,4,6,4,up->right->up->left
s194,h1,4,6,4,right->up->left->up
s194,h2,4,6,4,right->up->left->up
s194,h3,4,6,4,right->up->left->up
s194,h4,4,6,4,right->up->left->up
s195,h1,9,12,6,right->right->down->left->up->left
s195,h2,7,8,6,right->right->down->left->up->left
s195,h3,7,8,6,right->right->down->left->up->left
s195,h4,7,8,6,right->right->down->left->up->left
s196,h1,0,1,0,
s196,h2,0,1,0,
s196,h3,0,1,0,
s196,h4,0,1,0,
s197,h1,10,11,6,left->left->down->right->up->left
s197,h2,6,7,6,left->left->down->right->up->left
s197,h3,6,7,6,left->left->down->right->up->left
s197,h4,6,7,6,left->left->down->right->up->left
s198,h1,0,1,0,
s198,h2,0,1,0,
s198,h3,0,1,0,
s198,h4,0,1,0,
s199,h1,2,3,2,up->up
s199,h2,2,3,2,up->up
s199,h3,2,3,2,up->up
s199,h4,2,3,2,up->up
s200,h1,0,1,0,
s200,h2,0,1,0,
s200,h3,0,1,0,
s200,h4,0,1,0,
